<?xml version="1.0" encoding="UTF-8"?>
<metadata xml:lang="en"><Esri><CreaDate>20120802</CreaDate><CreaTime>08031400</CreaTime><ArcGISstyle>FGDC CSDGM Metadata</ArcGISstyle><SyncOnce>FALSE</SyncOnce><DataProperties><lineage><Process ToolSource="c:\program files\arcgis\desktop10.0\ArcToolbox\Toolboxes\Data Management Tools.tbx\DomainToTable" Date="20120106" Time="104055" Name="" export="">DomainToTable S:\MichaelMiller\Updates\sqgis03_gisData_dc_(dA)GISLOADER.sde StructureCode S:\MichaelMiller\Updates\StructureCode.dbf TypeCode TypeVal #</Process></lineage><itemProps><itemLocation><linkage Sync="TRUE">file://\\GIS-C1FZHS1\C$\Users\michael.miller2\Documents\StructureCode</linkage><protocol Sync="TRUE">Local Area Network</protocol></itemLocation><itemName Sync="TRUE">StructureCode</itemName><imsContentType Sync="TRUE">002</imsContentType><itemSize Sync="TRUE">0.004</itemSize></itemProps><copyHistory><copy source="N:\GIS_Data\Stormwater\StructureCode" dest="\\GIS-C1FZHS1\C$\Users\michael.miller2\Documents\StructureCode" date="20120802" time="08031400"/></copyHistory></DataProperties><SyncDate>20120106</SyncDate><SyncTime>11003300</SyncTime><ModDate>20120106</ModDate><ModTime>11022500</ModTime><ArcGISProfile>ISO19139</ArcGISProfile></Esri><mdLang><languageCode value="en"/><countryCode value="US" Sync="TRUE"/></mdLang><mdHrLv><ScopeCd value="005"/></mdHrLv><mdStanName>ArcGIS Metadata</mdStanName><mdStanVer>1.0</mdStanVer><dataIdInfo><dataLang><languageCode value="en" country="US"/><countryCode value="US" Sync="TRUE"/></dataLang><idCitation><presForm><PresFormCd value="005"/></presForm><resTitle Sync="TRUE">StructureCode</resTitle></idCitation><descKeys><thesaName uuidref="723f6998-058e-11dc-8314-0800200c9a66"/></descKeys><resConst><Consts><useLimit>This data is to be used for graphical representation only. The accuracy is not to be taken/used as data produced by a Registered Professional Land Surveyor (RPLS) for the State of Texas. ‘This product is for informational purposes and may not have been prepared for or be suitable for legal, engineering, or surveying purposes. It does not represent an on-the-ground survey and represents only the approximate relative location of property boundaries.’ (State of Texas: H.B. 1147)</useLimit></Consts></resConst><idPurp>The purpose of the dataset is to provide a feature type code look-up table for the  Structures.shp feature class.</idPurp><idAbs>&lt;DIV STYLE="text-align:Left;"&gt;&lt;DIV&gt;&lt;DIV&gt;&lt;P&gt;&lt;SPAN&gt;Features in the dataset include impervious surfaces within 384 square miles of the City of Dallas. The planimetric features were updated based on the 2009 NCTCOG 6-inch pixel resolution orthoimagery. The dataset is in ESRI file geodatabase format.&lt;/SPAN&gt;&lt;/P&gt;&lt;/DIV&gt;&lt;/DIV&gt;&lt;/DIV&gt;</idAbs><searchKeys><keyword>Structure</keyword><keyword>Feature type</keyword><keyword>Dallas</keyword><keyword>impervious</keyword><keyword>surface</keyword></searchKeys><idCredit>Sanborn &amp; City of Dallas Storm Water and GIS Services</idCredit><idPoC><rpIndName>Michael R Miller</rpIndName><rpOrgName>City of Dallas GIS Services</rpOrgName><rpCntInfo><cntAddress addressType="both"><delPoint>1500 Marilla St 7FS</delPoint><city>Dalllas</city><adminArea>TX</adminArea><postCode>75201</postCode><eMailAdd>michael.miller2@dalllascityhall.com</eMailAdd><country>USA</country></cntAddress><cntPhone><voiceNum>214-670-0876</voiceNum></cntPhone><cntHours>M-F 07:30-16:00</cntHours></rpCntInfo><role><RoleCd value="002"/></role></idPoC><envirDesc Sync="TRUE">Microsoft Windows XP Version 5.1 (Build 2600) Service Pack 3; ESRI ArcGIS 10.0.3.3600</envirDesc><spatRpType><SpatRepTypCd value="003" Sync="TRUE"/></spatRpType></dataIdInfo><refSysInfo><RefSystem><refSysID><identCode code="2276"/></refSysID></RefSystem></refSysInfo><eainfo><detailed Name="StructureCode" xmlns=""><enttyp><enttypl Sync="TRUE">StructureCode</enttypl><enttypt Sync="TRUE">Table</enttypt><enttypc Sync="TRUE">17</enttypc></enttyp><attr xmlns=""><attrlabl Sync="TRUE">OID</attrlabl><attalias Sync="TRUE">OID</attalias><attrtype Sync="TRUE">OID</attrtype><attwidth Sync="TRUE">4</attwidth><atprecis Sync="TRUE">0</atprecis><attscale Sync="TRUE">0</attscale><attrdef Sync="TRUE">Internal feature number.</attrdef><attrdefs Sync="TRUE">ESRI</attrdefs><attrdomv><udom Sync="TRUE">Sequential unique whole numbers that are automatically generated.</udom></attrdomv></attr><attr xmlns=""><attrlabl Sync="TRUE">TypeCode</attrlabl><attalias Sync="TRUE">TypeCode</attalias><attrtype Sync="TRUE">SmallInteger</attrtype><attwidth Sync="TRUE">4</attwidth><atprecis Sync="TRUE">4</atprecis><attscale Sync="TRUE">0</attscale><attrdef>Feature Type Code contained in Structures.shp feature class field FEATURE_TY</attrdef></attr><attr xmlns=""><attrlabl Sync="TRUE">TypeVal</attrlabl><attalias Sync="TRUE">TypeVal</attalias><attrtype Sync="TRUE">String</attrtype><attwidth Sync="TRUE">254</attwidth><atprecis Sync="TRUE">0</atprecis><attscale Sync="TRUE">0</attscale><attrdef>Descriptive value for corresponding FEATURE_TY feature type code found in FEATURE_TY attribute field of Structures.shp feature class.</attrdef></attr></detailed></eainfo><distInfo><distFormat><formatName Sync="TRUE">dBASE Table</formatName></distFormat><distTranOps><transSize Sync="TRUE">0.004</transSize></distTranOps></distInfo><mdHrLvName Sync="TRUE">dataset</mdHrLvName><mdDateSt Sync="TRUE">20120106</mdDateSt></metadata>
