<?xml version="1.0" encoding="UTF-8"?>
<metadata xml:lang="en"><Esri><CreaDate>20120802</CreaDate><CreaTime>08031400</CreaTime><SyncOnce>FALSE</SyncOnce><DataProperties><lineage><Process ToolSource="C:\Program Files\ArcGIS\Desktop10.0\ArcToolbox\Toolboxes\Data Management Tools.tbx\Append" Date="20110616" Time="083504" Name="" export="">Append T:\0202_NCTCOG_Dallas\PLAN\Mapping\Working\FinalAppendAfterCorrections\City_Of_Dallas_Area2.gdb\Features\Structures;T:\0202_NCTCOG_Dallas\PLAN\Mapping\Working\FinalAppendAfterCorrections\City_Of_Dallas_Area3.gdb\Features\Structures;T:\0202_NCTCOG_Dallas\PLAN\Mapping\Working\FinalAppendAfterCorrections\City_Of_Dallas_Area4.gdb\Features\Structures;T:\0202_NCTCOG_Dallas\PLAN\Mapping\Working\FinalAppendAfterCorrections\City_Of_Dallas_Area5.gdb\Features\Structures;T:\0202_NCTCOG_Dallas\PLAN\Mapping\Working\FinalAppendAfterCorrections\City_Of_Dallas_Area6.gdb\Features\Structures;T:\0202_NCTCOG_Dallas\PLAN\Mapping\Working\FinalAppendAfterCorrections\City_Of_Dallas_area7.gdb\Features\Structures;T:\0202_NCTCOG_Dallas\PLAN\Mapping\Working\FinalAppendAfterCorrections\City_Of_Dallas_Area8.gdb\Features\Structures;T:\0202_NCTCOG_Dallas\PLAN\Mapping\Working\FinalAppendAfterCorrections\City_Of_Dallas_Area9.gdb\Features\Structures;T:\0202_NCTCOG_Dallas\PLAN\Mapping\Working\FinalAppendAfterCorrections\City_Of_Dallas_Pilot.gdb\Features\Structures T:\0202_NCTCOG_Dallas\PLAN\Mapping\Working\FinalAppendAfterCorrections\City_Of_Dallas_Append.gdb\Features\Structures NO_TEST "TILE_NAME "TILE_NAME" true true false 50 Text 0 0 ,First,#,T:\0202_NCTCOG_Dallas\PLAN\Mapping\Working\FinalAppendAfterCorrections\City_Of_Dallas_Area2.gdb\Features\Structures,TILE_NAME,-1,-1,T:\0202_NCTCOG_Dallas\PLAN\Mapping\Working\FinalAppendAfterCorrections\City_Of_Dallas_Area3.gdb\Features\Structures,TILE_NAME,-1,-1,T:\0202_NCTCOG_Dallas\PLAN\Mapping\Working\FinalAppendAfterCorrections\City_Of_Dallas_Area4.gdb\Features\Structures,TILE_NAME,-1,-1,T:\0202_NCTCOG_Dallas\PLAN\Mapping\Working\FinalAppendAfterCorrections\City_Of_Dallas_Area5.gdb\Features\Structures,TILE_NAME,-1,-1,T:\0202_NCTCOG_Dallas\PLAN\Mapping\Working\FinalAppendAfterCorrections\City_Of_Dallas_Area6.gdb\Features\Structures,TILE_NAME,-1,-1,T:\0202_NCTCOG_Dallas\PLAN\Mapping\Working\FinalAppendAfterCorrections\City_Of_Dallas_Area8.gdb\Features\Structures,TILE_NAME,-1,-1,T:\0202_NCTCOG_Dallas\PLAN\Mapping\Working\FinalAppendAfterCorrections\City_Of_Dallas_Area9.gdb\Features\Structures,TILE_NAME,-1,-1,T:\0202_NCTCOG_Dallas\PLAN\Mapping\Working\FinalAppendAfterCorrections\City_Of_Dallas_Pilot.gdb\Features\Structures,TILE_NAME,-1,-1;FEATURE_TYPE "FEATURE_TYPE" true true false 2 Short 0 0 ,First,#,T:\0202_NCTCOG_Dallas\PLAN\Mapping\Working\FinalAppendAfterCorrections\City_Of_Dallas_Area2.gdb\Features\Structures,FEATURE_TYPE,-1,-1,T:\0202_NCTCOG_Dallas\PLAN\Mapping\Working\FinalAppendAfterCorrections\City_Of_Dallas_Area3.gdb\Features\Structures,FEATURE_TYPE,-1,-1,T:\0202_NCTCOG_Dallas\PLAN\Mapping\Working\FinalAppendAfterCorrections\City_Of_Dallas_Area4.gdb\Features\Structures,FEATURE_TYPE,-1,-1,T:\0202_NCTCOG_Dallas\PLAN\Mapping\Working\FinalAppendAfterCorrections\City_Of_Dallas_Area5.gdb\Features\Structures,FEATURE_TYPE,-1,-1,T:\0202_NCTCOG_Dallas\PLAN\Mapping\Working\FinalAppendAfterCorrections\City_Of_Dallas_Area6.gdb\Features\Structures,FEATURE_TYPE,-1,-1,T:\0202_NCTCOG_Dallas\PLAN\Mapping\Working\FinalAppendAfterCorrections\City_Of_Dallas_area7.gdb\Features\Structures,FEATURE_TYPE,-1,-1,T:\0202_NCTCOG_Dallas\PLAN\Mapping\Working\FinalAppendAfterCorrections\City_Of_Dallas_Area8.gdb\Features\Structures,FEATURE_TYPE,-1,-1,T:\0202_NCTCOG_Dallas\PLAN\Mapping\Working\FinalAppendAfterCorrections\City_Of_Dallas_Area9.gdb\Features\Structures,FEATURE_TYPE,-1,-1,T:\0202_NCTCOG_Dallas\PLAN\Mapping\Working\FinalAppendAfterCorrections\City_Of_Dallas_Pilot.gdb\Features\Structures,FEATURE_TYPE,-1,-1;SHAPE_Length "SHAPE_Length" false true true 8 Double 0 0 ,First,#,T:\0202_NCTCOG_Dallas\PLAN\Mapping\Working\FinalAppendAfterCorrections\City_Of_Dallas_Area2.gdb\Features\Structures,SHAPE_Length,-1,-1,T:\0202_NCTCOG_Dallas\PLAN\Mapping\Working\FinalAppendAfterCorrections\City_Of_Dallas_Area3.gdb\Features\Structures,SHAPE_Length,-1,-1,T:\0202_NCTCOG_Dallas\PLAN\Mapping\Working\FinalAppendAfterCorrections\City_Of_Dallas_Area4.gdb\Features\Structures,SHAPE_Length,-1,-1,T:\0202_NCTCOG_Dallas\PLAN\Mapping\Working\FinalAppendAfterCorrections\City_Of_Dallas_Area5.gdb\Features\Structures,SHAPE_Length,-1,-1,T:\0202_NCTCOG_Dallas\PLAN\Mapping\Working\FinalAppendAfterCorrections\City_Of_Dallas_Area6.gdb\Features\Structures,SHAPE_Length,-1,-1,T:\0202_NCTCOG_Dallas\PLAN\Mapping\Working\FinalAppendAfterCorrections\City_Of_Dallas_area7.gdb\Features\Structures,SHAPE_Length,-1,-1,T:\0202_NCTCOG_Dallas\PLAN\Mapping\Working\FinalAppendAfterCorrections\City_Of_Dallas_Area8.gdb\Features\Structures,Shape_Length,-1,-1,T:\0202_NCTCOG_Dallas\PLAN\Mapping\Working\FinalAppendAfterCorrections\City_Of_Dallas_Area9.gdb\Features\Structures,SHAPE_Length,-1,-1,T:\0202_NCTCOG_Dallas\PLAN\Mapping\Working\FinalAppendAfterCorrections\City_Of_Dallas_Pilot.gdb\Features\Structures,SHAPE_Length,-1,-1;SHAPE_Area "SHAPE_Area" false true true 8 Double 0 0 ,First,#,T:\0202_NCTCOG_Dallas\PLAN\Mapping\Working\FinalAppendAfterCorrections\City_Of_Dallas_Area2.gdb\Features\Structures,SHAPE_Area,-1,-1,T:\0202_NCTCOG_Dallas\PLAN\Mapping\Working\FinalAppendAfterCorrections\City_Of_Dallas_Area3.gdb\Features\Structures,SHAPE_Area,-1,-1,T:\0202_NCTCOG_Dallas\PLAN\Mapping\Working\FinalAppendAfterCorrections\City_Of_Dallas_Area4.gdb\Features\Structures,SHAPE_Area,-1,-1,T:\0202_NCTCOG_Dallas\PLAN\Mapping\Working\FinalAppendAfterCorrections\City_Of_Dallas_Area5.gdb\Features\Structures,SHAPE_Area,-1,-1,T:\0202_NCTCOG_Dallas\PLAN\Mapping\Working\FinalAppendAfterCorrections\City_Of_Dallas_Area6.gdb\Features\Structures,SHAPE_Area,-1,-1,T:\0202_NCTCOG_Dallas\PLAN\Mapping\Working\FinalAppendAfterCorrections\City_Of_Dallas_area7.gdb\Features\Structures,SHAPE_Area,-1,-1,T:\0202_NCTCOG_Dallas\PLAN\Mapping\Working\FinalAppendAfterCorrections\City_Of_Dallas_Area8.gdb\Features\Structures,Shape_Area,-1,-1,T:\0202_NCTCOG_Dallas\PLAN\Mapping\Working\FinalAppendAfterCorrections\City_Of_Dallas_Area9.gdb\Features\Structures,SHAPE_Area,-1,-1,T:\0202_NCTCOG_Dallas\PLAN\Mapping\Working\FinalAppendAfterCorrections\City_Of_Dallas_Pilot.gdb\Features\Structures,SHAPE_Area,-1,-1" #</Process><Process ToolSource="C:\Program Files\ArcGIS\Desktop10.0\ArcToolbox\Toolboxes\Data Management Tools.tbx\CalculateField" Date="20110616" Time="102053" Name="" export="">CalculateField Structures TILE_NAME "" VB #</Process><Process ToolSource="C:\Program Files (x86)\ArcGIS\Desktop10.0\ArcToolbox\Toolboxes\Data Management Tools.tbx\Dissolve" Date="20110623" Time="091852" Name="" export="">Dissolve \\COS-SVR-81\vol1\0202_NCTCOG_Dallas\PLAN\Mapping\Working\FinalAppendAfterCorrections\City_Of_Dallas_Append.gdb\Features\Structures \\COS-SVR-81\vol1\0202_NCTCOG_Dallas\PLAN\Mapping\Working\FinalAppendAfterCorrections\City_Of_Dallas_Append.gdb\Features\Structures_Diss TILE_NAME;FEATURE_TYPE # SINGLE_PART DISSOLVE_LINES</Process><Process ToolSource="C:\ArcGIS\Desktop10.0\ArcToolbox\Toolboxes\Conversion Tools.tbx\FeatureClassToFeatureClass" Date="20110714" Time="192326" Name="" export="">FeatureClassToFeatureClass x:\FY20092010\FinalProjects\17_StormWater_Impervious_QAQC\RecdFromSanborn\Appended_NCTCOG_Dallas_07_01_2011\City_Of_Dallas_Append.gdb\Features\Structures N:\GIS_Data\Stormwater Structures.shp # "TILE_NAME "TILE_NAME" true true false 50 Text 0 0 ,First,#,x:\FY20092010\FinalProjects\17_StormWater_Impervious_QAQC\RecdFromSanborn\Appended_NCTCOG_Dallas_07_01_2011\City_Of_Dallas_Append.gdb\Features\Structures,TILE_NAME,-1,-1;FEATURE_TY "FEATURE_TYPE" true true false 2 Short 0 0 ,First,#,x:\FY20092010\FinalProjects\17_StormWater_Impervious_QAQC\RecdFromSanborn\Appended_NCTCOG_Dallas_07_01_2011\City_Of_Dallas_Append.gdb\Features\Structures,FEATURE_TYPE,-1,-1;SHAPE_Leng "SHAPE_Length" false true true 8 Double 0 0 ,First,#,x:\FY20092010\FinalProjects\17_StormWater_Impervious_QAQC\RecdFromSanborn\Appended_NCTCOG_Dallas_07_01_2011\City_Of_Dallas_Append.gdb\Features\Structures,SHAPE_Length,-1,-1;SHAPE_Area "SHAPE_Area" false true true 8 Double 0 0 ,First,#,x:\FY20092010\FinalProjects\17_StormWater_Impervious_QAQC\RecdFromSanborn\Appended_NCTCOG_Dallas_07_01_2011\City_Of_Dallas_Append.gdb\Features\Structures,SHAPE_Area,-1,-1" #</Process></lineage><itemProps><itemName Sync="TRUE">Structures</itemName><imsContentType Sync="TRUE">002</imsContentType><itemLocation><linkage Sync="TRUE">file://\\GIS-C1FZHS1\C$\Users\michael.miller2\Documents\Structures</linkage><protocol Sync="TRUE">Local Area Network</protocol></itemLocation><itemSize Sync="TRUE">121.315</itemSize><nativeExtBox><westBL Sync="TRUE">2431184.611754</westBL><eastBL Sync="TRUE">2592323.113623</eastBL><southBL Sync="TRUE">6909303.341173</southBL><northBL Sync="TRUE">7056614.176800</northBL><exTypeCode Sync="TRUE">1</exTypeCode></nativeExtBox></itemProps><coordRef><type Sync="TRUE">Projected</type><geogcsn Sync="TRUE">GCS_North_American_1983</geogcsn><projcsn Sync="TRUE">NAD_1983_StatePlane_Texas_North_Central_FIPS_4202_Feet</projcsn><peXml Sync="TRUE">&lt;ProjectedCoordinateSystem xsi:type='typens:ProjectedCoordinateSystem' xmlns:xsi='http://www.w3.org/2001/XMLSchema-instance' xmlns:xs='http://www.w3.org/2001/XMLSchema' xmlns:typens='http://www.esri.com/schemas/ArcGIS/10.0'&gt;&lt;WKT&gt;PROJCS[&amp;quot;NAD_1983_StatePlane_Texas_North_Central_FIPS_4202_Feet&amp;quot;,GEOGCS[&amp;quot;GCS_North_American_1983&amp;quot;,DATUM[&amp;quot;D_North_American_1983&amp;quot;,SPHEROID[&amp;quot;GRS_1980&amp;quot;,6378137.0,298.257222101]],PRIMEM[&amp;quot;Greenwich&amp;quot;,0.0],UNIT[&amp;quot;Degree&amp;quot;,0.0174532925199433]],PROJECTION[&amp;quot;Lambert_Conformal_Conic&amp;quot;],PARAMETER[&amp;quot;False_Easting&amp;quot;,1968500.0],PARAMETER[&amp;quot;False_Northing&amp;quot;,6561666.666666666],PARAMETER[&amp;quot;Central_Meridian&amp;quot;,-98.5],PARAMETER[&amp;quot;Standard_Parallel_1&amp;quot;,32.13333333333333],PARAMETER[&amp;quot;Standard_Parallel_2&amp;quot;,33.96666666666667],PARAMETER[&amp;quot;Latitude_Of_Origin&amp;quot;,31.66666666666667],UNIT[&amp;quot;Foot_US&amp;quot;,0.3048006096012192],AUTHORITY[&amp;quot;EPSG&amp;quot;,2276]]&lt;/WKT&gt;&lt;XOrigin&gt;-123407700&lt;/XOrigin&gt;&lt;YOrigin&gt;-86123500&lt;/YOrigin&gt;&lt;XYScale&gt;35920690.11000888&lt;/XYScale&gt;&lt;ZOrigin&gt;-100000&lt;/ZOrigin&gt;&lt;ZScale&gt;10000&lt;/ZScale&gt;&lt;MOrigin&gt;-100000&lt;/MOrigin&gt;&lt;MScale&gt;10000&lt;/MScale&gt;&lt;XYTolerance&gt;0.0032808333333333335&lt;/XYTolerance&gt;&lt;ZTolerance&gt;0.001&lt;/ZTolerance&gt;&lt;MTolerance&gt;0.001&lt;/MTolerance&gt;&lt;HighPrecision&gt;true&lt;/HighPrecision&gt;&lt;WKID&gt;2276&lt;/WKID&gt;&lt;/ProjectedCoordinateSystem&gt;</peXml><csUnits Sync="TRUE">Linear Unit: Foot_US (0.304801)</csUnits></coordRef><copyHistory><copy source="N:\GIS_Data\Stormwater\Structures" dest="\\GIS-C1FZHS1\C$\Users\michael.miller2\Documents\Structures" date="20120802" time="08031400"></copy></copyHistory></DataProperties><SyncDate>20120323</SyncDate><SyncTime>10385600</SyncTime><ModDate>20120323</ModDate><ModTime>10385600</ModTime><ArcGISProfile>ItemDescription</ArcGISProfile><ArcGISstyle>FGDC CSDGM Metadata</ArcGISstyle></Esri><mdLang><languageCode value="en"/><countryCode value="USA" Sync="TRUE"></countryCode></mdLang><mdChar><CharSetCd value="004"/></mdChar><mdHrLv><ScopeCd value="005"/></mdHrLv><dataIdInfo><dataLang><languageCode value="en" country="US"/><countryCode value="USA" Sync="TRUE"></countryCode></dataLang><idCitation><presForm><PresFormCd value="005"/></presForm><resTitle Sync="TRUE">Structures</resTitle></idCitation><descKeys><thesaName uuidref="723f6998-058e-11dc-8314-0800200c9a66"/><keyword Sync="TRUE">002</keyword></descKeys><spatRpType><SpatRepTypCd value="001"/></spatRpType><resConst><Consts><useLimit>This data is to be used for graphical representation only. The accuracy is not to be taken/used as data produced by a Registered Professional Land Surveyor (RPLS) for the State of Texas. ‘This product is for informational purposes and may not have been prepared for or be suitable for legal, engineering, or surveying purposes. It does not represent an on-the-ground survey and represents only the approximate relative location of property boundaries.’ (State of Texas: H.B. 1147)</useLimit></Consts></resConst><dataExt><geoEle><GeoBndBox esriExtentType="search"><westBL Sync="TRUE">-96.997264</westBL><eastBL Sync="TRUE">-96.464754</eastBL><northBL Sync="TRUE">33.017983</northBL><southBL Sync="TRUE">32.605670</southBL><exTypeCode Sync="TRUE">1</exTypeCode></GeoBndBox></geoEle></dataExt><searchKeys><keyword>Structures</keyword></searchKeys><idPurp>The purpose of the dataset is to provide coverage of structures within the City of Dallas</idPurp><idAbs>&lt;DIV STYLE="text-align:Left;"&gt;&lt;DIV&gt;&lt;DIV&gt;&lt;P&gt;&lt;SPAN&gt;Features in the dataset include structures within 384 square miles of the City of Dallas. The planimetric features were updated based on the 2009 NCTCOG 6-inch pixel resolution orthoimagery. The dataset is in ESRI file geodatabase format.&lt;/SPAN&gt;&lt;/P&gt;&lt;P&gt;&lt;SPAN /&gt;&lt;/P&gt;&lt;/DIV&gt;&lt;/DIV&gt;&lt;/DIV&gt;</idAbs><idCredit>Sanborn &amp; City of Dallas Storm Water and GIS Services</idCredit><envirDesc Sync="TRUE">Microsoft Windows 7 Version 6.1 (Build 7601) Service Pack 1; ESRI ArcGIS 10.0.3.3600</envirDesc></dataIdInfo><spatRepInfo><VectSpatRep><geometObjs Name="Structures"><geoObjTyp><GeoObjTypCd value="002" Sync="TRUE"></GeoObjTypCd></geoObjTyp><geoObjCnt Sync="TRUE">481009</geoObjCnt></geometObjs><topLvl><TopoLevCd value="001" Sync="TRUE"></TopoLevCd></topLvl></VectSpatRep></spatRepInfo><refSysInfo><RefSystem><refSysID><identCode code="2276"/><idCodeSpace Sync="TRUE">EPSG</idCodeSpace><idVersion Sync="TRUE">7.4.1</idVersion></refSysID></RefSystem></refSysInfo><distInfo><distFormat><formatName Sync="TRUE">Shapefile</formatName></distFormat><distTranOps><transSize Sync="TRUE">121.315</transSize></distTranOps></distInfo><mdHrLvName Sync="TRUE">dataset</mdHrLvName><spdoinfo><ptvctinf><esriterm><efeatyp Sync="TRUE">Simple</efeatyp><efeageom code="4" Sync="TRUE"></efeageom><esritopo Sync="TRUE">FALSE</esritopo><efeacnt Sync="TRUE">481009</efeacnt><spindex Sync="TRUE">TRUE</spindex><linrefer Sync="TRUE">FALSE</linrefer></esriterm></ptvctinf></spdoinfo><eainfo><detailed Name="Structures"><enttyp><enttypl Sync="TRUE">Structures</enttypl><enttypt Sync="TRUE">Feature Class</enttypt><enttypc Sync="TRUE">481009</enttypc></enttyp><attr><attrlabl Sync="TRUE">FID</attrlabl><attalias Sync="TRUE">FID</attalias><attrtype Sync="TRUE">OID</attrtype><attwidth Sync="TRUE">4</attwidth><atprecis Sync="TRUE">0</atprecis><attscale Sync="TRUE">0</attscale><attrdef Sync="TRUE">Internal feature number.</attrdef><attrdefs Sync="TRUE">ESRI</attrdefs><attrdomv><udom Sync="TRUE">Sequential unique whole numbers that are automatically generated.</udom></attrdomv></attr><attr><attrlabl Sync="TRUE">Shape</attrlabl><attalias Sync="TRUE">Shape</attalias><attrtype Sync="TRUE">Geometry</attrtype><attwidth Sync="TRUE">0</attwidth><atprecis Sync="TRUE">0</atprecis><attscale Sync="TRUE">0</attscale><attrdef Sync="TRUE">Feature geometry.</attrdef><attrdefs Sync="TRUE">ESRI</attrdefs><attrdomv><udom Sync="TRUE">Coordinates defining the features.</udom></attrdomv></attr><attr><attrlabl Sync="TRUE">TILE_NAME</attrlabl><attalias Sync="TRUE">TILE_NAME</attalias><attrtype Sync="TRUE">String</attrtype><attwidth Sync="TRUE">50</attwidth><atprecis Sync="TRUE">0</atprecis><attscale Sync="TRUE">0</attscale></attr><attr><attrlabl Sync="TRUE">FEATURE_TY</attrlabl><attalias Sync="TRUE">FEATURE_TY</attalias><attrtype Sync="TRUE">SmallInteger</attrtype><attwidth Sync="TRUE">4</attwidth><atprecis Sync="TRUE">4</atprecis><attscale Sync="TRUE">0</attscale></attr><attr><attrlabl Sync="TRUE">SHAPE_Leng</attrlabl><attalias Sync="TRUE">SHAPE_Leng</attalias><attrtype Sync="TRUE">Double</attrtype><attwidth Sync="TRUE">19</attwidth><atprecis Sync="TRUE">0</atprecis><attscale Sync="TRUE">0</attscale></attr><attr><attrlabl Sync="TRUE">SHAPE_Area</attrlabl><attalias Sync="TRUE">SHAPE_Area</attalias><attrtype Sync="TRUE">Double</attrtype><attwidth Sync="TRUE">19</attwidth><atprecis Sync="TRUE">0</atprecis><attscale Sync="TRUE">0</attscale><attrdef Sync="TRUE">Area of feature in internal units squared.</attrdef><attrdefs Sync="TRUE">ESRI</attrdefs><attrdomv><udom Sync="TRUE">Positive real numbers that are automatically generated.</udom></attrdomv></attr><attr><attrlabl Sync="TRUE">FEATU_DESC</attrlabl><attalias Sync="TRUE">FEATU_DESC</attalias><attrtype Sync="TRUE">String</attrtype><attwidth Sync="TRUE">254</attwidth><atprecis Sync="TRUE">0</atprecis><attscale Sync="TRUE">0</attscale></attr></detailed></eainfo><mdDateSt Sync="TRUE">20120323</mdDateSt></metadata>
